{"cameraMode":{"drawMode":0,"name":"Shaded","section":"Shading Mode"},"sceneLighting":true,"audioPlay":false,"sceneViewState":{"m_AlwaysRefresh":false,"showFog":true,"showSkybox":true,"showFlares":true,"showImageEffects":true,"showParticleSystems":true,"showVisualEffectGraphs":true,"m_FxEnabled":true},"in2DMode":false,"pivot":{"x":179.06797790527345,"y":238.57565307617188,"z":-111.16443634033203},"rotation":{"x":-0.0007693602237850428,"y":0.9992309808731079,"z":0.02817595936357975,"w":0.027286825701594354},"size":399.4301452636719,"orthographic":false}